"","Dip","Gain","MatrixGo1","MatrixGo2","MatrixGo3","MatrixGo4","MatrixGo5","MatrixGo6","MatrixNoGo1","MatrixNoGo2","MatrixNoGo3","MatrixNoGo4","MatrixNoGo5","MatrixNoGo6"
"1","0.1","0.1",0.155125,0.137518,0.0897282,0.044768,0.013707,0.00390488,0.0191999,0.0540757,0.100839,0.140483,0.154534,0.159283
"2","0.1","0.2",0.156123,0.148584,0.129751,0.0882841,0.0280315,0.00390466,0.00655794,0.0241576,0.057985,0.107477,0.14736,0.159282
"3","0.1","0.3",0.156213,0.151009,0.140835,0.115072,0.0466602,0.0039055,0.00201521,0.0124306,0.0369896,0.0810041,0.136598,0.159282
"4","0.1","0.4",0.156237,0.152051,0.144929,0.129166,0.0660717,0.00390558,0.000373518,0.00668136,0.0249534,0.0621405,0.12324,0.159282
"5","0.1","0.5",0.156243,0.152621,0.146993,0.136868,0.0837689,0.00390213,0.000189063,0.00417026,0.0172269,0.0490532,0.110259,0.159281
"6","0.1","0.6",0.156249,0.152994,0.148246,0.141344,0.0974871,0.00390265,0.00016605,0.000980888,0.0120675,0.0394925,0.0983468,0.159281
"7","0.1","0.7",0.156253,0.153254,0.14908,0.144129,0.108112,0.00390283,0.000153759,0.000208862,0.00843146,0.0322068,0.0879562,0.159281
"8","0.1","0.8",0.156256,0.153445,0.149673,0.14603,0.116317,0.00390302,0.000145191,0.000182832,0.00580807,0.0264777,0.0788961,0.159281
"9","0.1","0.9",0.156258,0.153591,0.150117,0.1474,0.122684,0.00390315,0.000139195,0.00016929,0.00412977,0.0218651,0.0708452,0.159281
"10","0.1","1.0",0.15626,0.153706,0.15046,0.148429,0.127664,0.0039033,0.000134653,0.000160196,0.00151888,0.0180796,0.0639742,0.159281
"11","0.1","1.1",0.156261,0.153799,0.150734,0.149227,0.131602,0.00390329,0.000131091,0.00015384,0.000373309,0.0149666,0.0580387,0.159281
"12","0.1","1.2",0.156262,0.153876,0.150957,0.149864,0.134754,0.00390329,0.00012819,0.000148549,0.000180754,0.0123955,0.0528618,0.159281
"13","0.1","1.3",0.156263,0.153941,0.151143,0.150382,0.137307,0.00390315,0.000125728,0.000144666,0.000167632,0.010218,0.0483065,0.159281
"14","0.1","1.4",0.156264,0.153996,0.151299,0.150811,0.139369,0.00390336,0.000123878,0.000141576,0.000159392,0.00836693,0.0442695,0.159281
"15","0.1","1.5",0.156265,0.154044,0.151433,0.151173,0.141006,0.00390336,0.000122186,0.000138907,0.000153526,0.00678827,0.0406675,0.159281
"16","0.1","1.6",0.156266,0.154085,0.151548,0.151481,0.142369,0.0039033,0.000120865,0.000136502,0.000148372,0.00538359,0.0374334,0.159281
"17","0.1","1.7",0.156266,0.154121,0.151649,0.151747,0.143518,0.00390336,0.000119591,0.0001347,0.000144575,0.00412356,0.0345148,0.159281
"18","0.1","1.8",0.156267,0.154153,0.151737,0.151979,0.144498,0.00390341,0.000118583,0.000133219,0.000141427,0.00361964,0.0318675,0.159281
"19","0.1","1.9",0.156267,0.154181,0.151816,0.152182,0.145341,0.00390341,0.000117702,0.000131832,0.000138747,0.00136129,0.0294563,0.159281
"20","0.1","2.0",0.156267,0.154207,0.151886,0.152362,0.146074,0.00390346,0.000116863,0.000130577,0.000136647,0.000471539,0.02725,0.159281
"21","0.2","0.1",0.155134,0.112576,0.0466211,0.0131406,0.00212272,0.000404904,0.0192025,0.0849851,0.135667,0.153105,0.157543,0.159604
"22","0.2","0.2",0.156133,0.139705,0.0955,0.0393168,0.00533846,0.000405269,0.00655893,0.0435386,0.0988369,0.141162,0.155038,0.159604
"23","0.2","0.3",0.156223,0.146185,0.119715,0.0677736,0.0115785,0.000405359,0.00201624,0.0254511,0.0718179,0.123633,0.151804,0.159604
"24","0.2","0.4",0.156237,0.148806,0.131504,0.0903043,0.0212296,0.000405497,0.000372732,0.0155546,0.0538276,0.10638,0.14766,0.159603
"25","0.2","0.5",0.156248,0.150219,0.137853,0.105731,0.0330599,0.000405543,0.000189063,0.00965989,0.0415806,0.0913925,0.142516,0.159603
"26","0.2","0.6",0.156254,0.151094,0.141427,0.116682,0.0453437,0.000405575,0.000166058,0.00589623,0.0327124,0.0789285,0.136297,0.159603
"27","0.2","0.7",0.156259,0.151687,0.143719,0.124553,0.0570596,0.000405599,0.000153768,0.00389069,0.0260017,0.0683977,0.129299,0.159603
"28","0.2","0.8",0.156262,0.152116,0.145296,0.1303,0.0677999,0.000405608,0.000145194,0.000866941,0.0207552,0.0598243,0.122116,0.159603
"29","0.2","0.9",0.156263,0.152435,0.146434,0.134564,0.0775513,0.000405465,0.00013921,0.000192329,0.0165442,0.0527105,0.115148,0.159603
"30","0.2","1.0",0.15626,0.152679,0.147284,0.137783,0.0862594,0.000404953,0.000134665,0.000174092,0.0131935,0.0467039,0.108435,0.159601
"31","0.2","1.1",0.156261,0.152882,0.147959,0.140229,0.093561,0.000405097,0.0001311,0.000163554,0.0104439,0.0415854,0.102044,0.159601
"32","0.2","1.2",0.156263,0.153048,0.1485,0.142089,0.0999764,0.000405052,0.000128202,0.000156335,0.00815742,0.0371637,0.0960794,0.159601
"33","0.2","1.3",0.156263,0.153187,0.148941,0.143574,0.105618,0.000405045,0.000125732,0.000151228,0.006255,0.0333058,0.0905424,0.159601
"34","0.2","1.4",0.156264,0.153304,0.149309,0.144783,0.11058,0.000405197,0.000123874,0.000146623,0.00438693,0.0299108,0.0854156,0.159601
"35","0.2","1.5",0.156265,0.153405,0.149619,0.145781,0.114946,0.000405208,0.00012219,0.00014331,0.00343768,0.0269001,0.0806417,0.159601
"36","0.2","1.6",0.156266,0.153492,0.149885,0.146617,0.118789,0.000405208,0.000120861,0.000140562,0.000517137,0.024212,0.0760808,0.159601
"37","0.2","1.7",0.156266,0.153568,0.150114,0.147327,0.122174,0.000405209,0.000119591,0.00013838,0.000195191,0.0217969,0.071893,0.159601
"38","0.2","1.8",0.156267,0.153635,0.150314,0.147935,0.125157,0.000405202,0.000118583,0.000136351,0.000158391,0.0196152,0.0680447,0.159601
"39","0.2","1.9",0.156267,0.153695,0.15049,0.148462,0.127791,0.00040521,0.000117702,0.000134422,0.000152142,0.0176341,0.0644961,0.159601
"40","0.2","2.0",0.156267,0.153748,0.150646,0.148922,0.130119,0.000405224,0.000116863,0.000133028,0.000147507,0.0158389,0.0612144,0.159601
"41","0.3","0.1",0.155134,0.0881028,0.0238663,0.00360362,0.000497503,0.000143077,0.0192025,0.109365,0.146267,0.15588,0.158305,0.159633
"42","0.3","0.2",0.156141,0.127232,0.0659086,0.0158963,0.00099425,0.000143077,0.00656163,0.0637007,0.12292,0.149946,0.156839,0.159633
"43","0.3","0.3",0.156223,0.139772,0.096315,0.0372811,0.00239052,0.000143068,0.00202276,0.0405489,0.0984023,0.141165,0.155091,0.159632
"44","0.3","0.4",0.156247,0.144737,0.114033,0.058451,0.00540248,0.000143069,0.000369165,0.0272426,0.0790856,0.129498,0.153006,0.159632
"45","0.3","0.5",0.156253,0.147304,0.124894,0.076316,0.0107018,0.000143069,0.000189063,0.0186584,0.0641082,0.117266,0.150517,0.159632
"46","0.3","0.6",0.156254,0.148834,0.131811,0.0906552,0.0181689,0.000143059,0.000166062,0.0128366,0.0529392,0.105719,0.147569,0.159631
"47","0.3","0.7",0.156259,0.149861,0.136435,0.101604,0.0269927,0.000143056,0.000153769,0.00873,0.0442977,0.0952789,0.144135,0.159631
"48","0.3","0.8",0.156262,0.15059,0.139511,0.110303,0.0360717,0.000143061,0.000145194,0.00573497,0.037413,0.0860902,0.140214,0.159631
"49","0.3","0.9",0.156264,0.151133,0.141682,0.117244,0.0448732,0.000143061,0.00013921,0.00401644,0.0318008,0.0779085,0.135707,0.159631
"50","0.3","1.0",0.156266,0.151552,0.143299,0.122808,0.0531786,0.000143063,0.000134668,0.000837338,0.0271387,0.0706302,0.130864,0.159631
"51","0.3","1.1",0.156267,0.151885,0.144541,0.127295,0.0609389,0.000143063,0.000131103,0.000185756,0.023204,0.064323,0.125885,0.159631
"52","0.3","1.2",0.156268,0.152155,0.145522,0.130937,0.0681755,0.000143061,0.000128201,0.00016888,0.0198384,0.0588067,0.120882,0.159631
"53","0.3","1.3",0.156268,0.152379,0.146309,0.133914,0.0749124,0.000143059,0.000125742,0.000160454,0.0169216,0.0539411,0.115998,0.159631
"54","0.3","1.4",0.156265,0.152557,0.146943,0.136347,0.0814293,0.000143053,0.000123888,0.000154007,0.0144269,0.0496143,0.111353,0.15963
"55","0.3","1.5",0.156265,0.152717,0.147486,0.138393,0.0871352,0.000143049,0.000122201,0.000149696,0.0122633,0.0457489,0.106687,0.15963
"56","0.3","1.6",0.156266,0.152856,0.147947,0.140068,0.0922619,0.000143049,0.000120872,0.000145801,0.010348,0.0422761,0.102253,0.15963
"57","0.3","1.7",0.156266,0.152977,0.148341,0.141449,0.0969741,0.000143051,0.000119595,0.000142557,0.00864675,0.0391368,0.098028,0.15963
"58","0.3","1.8",0.156267,0.153083,0.148683,0.14262,0.101302,0.000143053,0.000118583,0.000140136,0.00712738,0.0362853,0.0940136,0.15963
"59","0.3","1.9",0.156267,0.153178,0.148981,0.143627,0.105275,0.000143053,0.000117703,0.000138087,0.00581641,0.033684,0.0902062,0.15963
"60","0.3","2.0",0.156267,0.153262,0.149243,0.144499,0.10892,0.000143051,0.000116863,0.000136428,0.00433774,0.0313014,0.0865993,0.15963
"61","0.4","0.1",0.155149,0.0671331,0.0115767,0.000956783,0.000177329,0.000124768,0.0192067,0.125765,0.150257,0.157044,0.158654,0.159643
"62","0.4","0.2",0.156141,0.113299,0.0444764,0.00549852,0.000299272,0.000124766,0.00656191,0.0822427,0.136068,0.153281,0.157627,0.159641
"63","0.4","0.3",0.156229,0.131525,0.0751656,0.0185319,0.000555933,0.000124766,0.0019669,0.0555413,0.11637,0.148062,0.156455,0.159641
"64","0.4","0.4",0.156247,0.139697,0.0963982,0.0363559,0.00112908,0.000124761,0.000379204,0.0395049,0.0981779,0.141127,0.15511,0.15964
"65","0.4","0.5",0.156258,0.143781,0.110494,0.0531661,0.00271163,0.00012476,0.000189071,0.028901,0.0830837,0.132396,0.153568,0.15964
"66","0.4","0.6",0.156264,0.146198,0.120244,0.0677213,0.00560023,0.00012476,0.000166088,0.0213817,0.0705842,0.122968,0.151796,0.15964
"67","0.4","0.7",0.15626,0.147764,0.12709,0.0804944,0.0103065,0.000124755,0.000153784,0.0158029,0.060552,0.113859,0.149763,0.15964
"68","0.4","0.8",0.156262,0.148853,0.132016,0.0908132,0.0164647,0.00012475,0.000145195,0.0116593,0.0524724,0.105128,0.147448,0.159639
"69","0.4","0.9",0.156264,0.149663,0.135659,0.0993457,0.0235528,0.00012475,0.000139209,0.00844181,0.0458034,0.0970829,0.144836,0.159639
"70","0.4","1.0",0.156266,0.150282,0.138344,0.106525,0.0307821,0.000124749,0.000134668,0.00594069,0.0402119,0.0897757,0.141923,0.159639
"71","0.4","1.1",0.156267,0.15077,0.140336,0.112575,0.0378392,0.000124749,0.000131106,0.00392153,0.0354571,0.0831688,0.13869,0.159639
"72","0.4","1.2",0.156268,0.151163,0.141896,0.117685,0.0445972,0.000124749,0.000128201,0.000904072,0.0313647,0.0770233,0.135085,0.159639
"73","0.4","1.3",0.156269,0.151487,0.143144,0.122009,0.0510228,0.000124749,0.000125742,0.000207828,0.0278056,0.0714601,0.131311,0.159639
"74","0.4","1.4",0.15627,0.151759,0.144162,0.125677,0.0571218,0.000124749,0.000123888,0.000166292,0.024682,0.0664786,0.12744,0.159639
"75","0.4","1.5",0.156271,0.151989,0.145005,0.1288,0.062913,0.000124748,0.000122201,0.000158819,0.021918,0.0619933,0.12353,0.159639
"76","0.4","1.6",0.156271,0.152186,0.145713,0.13147,0.0684091,0.000124749,0.000120876,0.000153033,0.0194545,0.0579343,0.119634,0.159639
"77","0.4","1.7",0.156271,0.152357,0.146308,0.133757,0.0736277,0.00012475,0.000119598,0.00014895,0.0172372,0.0542409,0.115844,0.159639
"78","0.4","1.8",0.156268,0.1525,0.146818,0.13572,0.0786794,0.000124749,0.000118593,0.000145705,0.0152755,0.0508684,0.112263,0.159638
"79","0.4","1.9",0.156268,0.152629,0.147263,0.137421,0.0836448,0.000124746,0.000117712,0.000142497,0.0135223,0.0477782,0.108505,0.159638
"80","0.4","2.0",0.156267,0.152746,0.147656,0.138902,0.087911,0.000124746,0.00011687,0.000140158,0.0119329,0.0449394,0.104954,0.159638
"81","0.5","0.1",0.15515,0.0510941,0.00532972,0.000332102,0.000120378,0.000116128,0.0192047,0.136276,0.152242,0.15768,0.158855,0.159646
"82","0.5","0.2",0.156141,0.0995729,0.0290413,0.0015906,0.000137254,0.000116125,0.00656173,0.0974172,0.142808,0.154971,0.158069,0.159645
"83","0.5","0.3",0.156231,0.122241,0.0576495,0.00785236,0.000192475,0.000116125,0.00196733,0.0695158,0.128357,0.151424,0.157195,0.159645
"84","0.5","0.4",0.156248,0.133476,0.0803102,0.0207901,0.000336811,0.000116125,0.000376821,0.0513654,0.112563,0.146826,0.156217,0.159644
"85","0.5","0.5",0.156258,0.13961,0.0963373,0.0358506,0.000638818,0.000116122,0.000189066,0.0390957,0.0980022,0.141087,0.155124,0.159644
"86","0.5","0.6",0.156264,0.143097,0.10808,0.0497475,0.00129592,0.00011612,0.000166088,0.03027,0.0855865,0.134101,0.153898,0.159644
"87","0.5","0.7",0.156269,0.145347,0.116819,0.0620384,0.00300925,0.00011612,0.00015379,0.0236178,0.074947,0.126507,0.152522,0.159644
"88","0.5","0.8",0.15627,0.146901,0.123388,0.0728999,0.00586306,0.00011612,0.000145217,0.0184284,0.0659443,0.118855,0.15098,0.159644
"89","0.5","0.9",0.156265,0.148016,0.128348,0.0828441,0.0101191,0.000116118,0.000139217,0.0143462,0.0584305,0.111613,0.149249,0.159643
"90","0.5","1.0",0.156266,0.148869,0.132194,0.0909173,0.0154045,0.000116118,0.000134668,0.0110882,0.052094,0.104568,0.147326,0.159643
"91","0.5","1.1",0.156267,0.149538,0.135206,0.0979292,0.0213136,0.000116116,0.000131106,0.00842664,0.0466657,0.0980007,0.145196,0.159643
"92","0.5","1.2",0.156268,0.150075,0.137574,0.104037,0.0273259,0.000116114,0.000128205,0.0062379,0.0419661,0.091923,0.142858,0.159643
"93","0.5","1.3",0.156269,0.150515,0.139397,0.109362,0.0332163,0.000116114,0.000125738,0.00449111,0.0378585,0.08632,0.140305,0.159643
"94","0.5","1.4",0.15627,0.15088,0.140871,0.114008,0.0389076,0.000116114,0.000123884,0.00114747,0.0342383,0.0811189,0.137492,0.159643
"95","0.5","1.5",0.156271,0.151189,0.142087,0.118066,0.0443782,0.000116114,0.000122201,0.000586009,0.031024,0.0761986,0.134462,0.159643
"96","0.5","1.6",0.156271,0.151453,0.143102,0.121612,0.0496293,0.000116114,0.000120876,0.000168354,0.028151,0.0716951,0.131326,0.159643
"97","0.5","1.7",0.156272,0.151682,0.143961,0.124717,0.0546704,0.000116114,0.000119601,0.000158382,0.0255679,0.0675801,0.128118,0.159643
"98","0.5","1.8",0.156272,0.151881,0.144696,0.12744,0.0595128,0.000116115,0.00011859,0.000152986,0.023233,0.0638059,0.124872,0.159643
"99","0.5","1.9",0.156273,0.152057,0.14533,0.129833,0.0641679,0.000116115,0.000117712,0.000148745,0.021112,0.0603326,0.121618,0.159643
"100","0.5","2.0",0.156273,0.152212,0.145881,0.13194,0.0685998,0.000116115,0.000116873,0.000145709,0.01917,0.0571254,0.118406,0.159643
"101","0.6","0.1",0.15515,0.0386554,0.002347,0.000151416,0.000110515,0.000110936,0.0192035,0.142551,0.153415,0.15808,0.158985,0.159649
"102","0.6","0.2",0.156141,0.0868422,0.017907,0.000518996,0.000114074,0.000110933,0.00656573,0.109775,0.146593,0.155982,0.158352,0.159647
"103","0.6","0.3",0.156231,0.112603,0.0436616,0.00282897,0.000121389,0.000110933,0.00196731,0.0822238,0.136269,0.153347,0.157659,0.159647
"104","0.6","0.4",0.156255,0.126587,0.0656214,0.0103948,0.000143651,0.000110933,0.000370487,0.0625214,0.122997,0.150044,0.156898,0.159647
"105","0.6","0.5",0.156258,0.134607,0.0832513,0.022639,0.000212887,0.000110933,0.000189072,0.0488526,0.109927,0.145952,0.156059,0.159646
"106","0.6","0.6",0.156264,0.139524,0.096234,0.0355171,0.00038281,0.000110931,0.000166088,0.0389161,0.0978438,0.141046,0.155136,0.159646
"107","0.6","0.7",0.156269,0.142576,0.106318,0.0473343,0.000737595,0.00011093,0.00015379,0.0313552,0.0872814,0.135213,0.154118,0.159646
"108","0.6","0.8",0.156272,0.144671,0.114203,0.05796,0.00149259,0.00011093,0.000145216,0.025412,0.0780671,0.128858,0.152993,0.159646
"109","0.6","0.9",0.156274,0.146183,0.120405,0.067528,0.0033331,0.00011093,0.000139231,0.0206198,0.0699098,0.122359,0.151751,0.159646
"110","0.6","1.0",0.156272,0.147317,0.125298,0.0762526,0.0061356,0.00011093,0.000134679,0.0166783,0.0629442,0.116097,0.150377,0.159646
"111","0.6","1.1",0.156267,0.148183,0.1292,0.0842837,0.0100376,0.000110928,0.000131107,0.0134789,0.0569587,0.10994,0.148865,0.159645
"112","0.6","1.2",0.156268,0.148882,0.132358,0.0909889,0.0146713,0.000110929,0.000128205,0.0107932,0.0517479,0.104029,0.147207,0.159645
"113","0.6","1.3",0.156269,0.149453,0.13493,0.0969538,0.0197119,0.000110926,0.000125742,0.00852269,0.0471711,0.098464,0.145395,0.159645
"114","0.6","1.4",0.15627,0.149927,0.137032,0.102273,0.0248574,0.000110926,0.000123888,0.00659867,0.0431207,0.0932506,0.143427,0.159645
"115","0.6","1.5",0.156271,0.150325,0.138716,0.107018,0.0299102,0.000110926,0.000122201,0.00471902,0.0395115,0.0883818,0.141299,0.159645
"116","0.6","1.6",0.156271,0.150664,0.1401,0.111252,0.0348224,0.000110926,0.000120875,0.00349581,0.0362756,0.0838369,0.138992,0.159645
"117","0.6","1.7",0.156272,0.150957,0.141267,0.115031,0.0395794,0.000110926,0.000119601,0.000805215,0.0333582,0.0795099,0.13648,0.159645
"118","0.6","1.8",0.156272,0.151211,0.14226,0.118406,0.0441814,0.000110926,0.000118593,0.000171113,0.0307148,0.0754152,0.133844,0.159645
"119","0.6","1.9",0.156273,0.151434,0.143115,0.12142,0.0486331,0.000110926,0.000117708,0.000158689,0.0283087,0.0716322,0.13113,0.159645
"120","0.6","2.0",0.156273,0.151632,0.143856,0.124116,0.0529409,0.000110926,0.000116869,0.000153547,0.0261094,0.0681273,0.128361,0.159645
"121","0.7","0.1",0.15515,0.0289066,0.00103782,0.000126379,0.000106019,0.000107352,0.019203,0.146402,0.154185,0.158355,0.159077,0.15965
"122","0.7","0.2",0.156153,0.07469,0.010331,0.000190391,0.000107823,0.000107352,0.00656408,0.119436,0.148949,0.156653,0.158549,0.15965
"123","0.7","0.3",0.156231,0.103092,0.0323105,0.000854139,0.000110223,0.000107351,0.00196726,0.0930533,0.141245,0.154578,0.157976,0.159648
"124","0.7","0.4",0.156255,0.119274,0.0534788,0.00436107,0.000114148,0.000107351,0.00037038,0.0729026,0.130792,0.15205,0.157357,0.159648
"125","0.7","0.5",0.156266,0.129113,0.070795,0.0128473,0.00012349,0.000107351,0.000189127,0.0581228,0.119131,0.14898,0.156683,0.159648
"126","0.7","0.6",0.156264,0.13532,0.0851464,0.0240955,0.000153095,0.000107351,0.000166088,0.0471819,0.108034,0.145299,0.155948,0.159648
"127","0.7","0.7",0.156269,0.139439,0.0961145,0.0352577,0.000243004,0.00010735,0.000153793,0.0388216,0.0976915,0.141003,0.155149,0.159648
"128","0.7","0.8",0.156272,0.14216,0.104963,0.0455209,0.000437717,0.000107349,0.000145216,0.032208,0.0884874,0.135986,0.154277,0.159648
"129","0.7","0.9",0.156274,0.144115,0.112135,0.0548726,0.000844872,0.000107349,0.000139231,0.0268472,0.0803471,0.13052,0.153325,0.159648
"130","0.7","1.0",0.156276,0.145576,0.117968,0.0634132,0.00174697,0.000107349,0.000134687,0.0224146,0.0729386,0.124889,0.152286,0.159648
"131","0.7","1.1",0.156276,0.146703,0.122732,0.0712229,0.00367053,0.000107349,0.000131122,0.0186853,0.0664851,0.119285,0.151151,0.159648
"132","0.7","1.2",0.156274,0.147591,0.126617,0.0785643,0.00640088,0.000107348,0.000128212,0.0155447,0.0608215,0.113939,0.149909,0.159648
"133","0.7","1.3",0.15627,0.148301,0.129829,0.0852878,0.00999006,0.000107346,0.000125742,0.0129081,0.0558423,0.108606,0.148559,0.159647
"134","0.7","1.4",0.15627,0.148892,0.132511,0.0910358,0.0141126,0.000107347,0.000123888,0.010628,0.0514185,0.103502,0.147093,0.159647
"135","0.7","1.5",0.156271,0.149392,0.134756,0.0962358,0.0184849,0.000107345,0.000122201,0.00865116,0.0474627,0.098663,0.145507,0.159647
"136","0.7","1.6",0.156271,0.149815,0.136642,0.100952,0.0229786,0.000107345,0.000120872,0.00693958,0.0439053,0.0940902,0.143796,0.159647
"137","0.7","1.7",0.156272,0.150179,0.138204,0.105229,0.0274001,0.000107345,0.000119601,0.00592866,0.0406896,0.0897803,0.141959,0.159647
"138","0.7","1.8",0.156272,0.150495,0.139504,0.10911,0.0317181,0.000107345,0.000118593,0.00422297,0.037769,0.0857229,0.139984,0.159647
"139","0.7","1.9",0.156273,0.150771,0.140616,0.112629,0.035923,0.000107345,0.000117712,0.00121409,0.0351048,0.0818585,0.137852,0.159647
"140","0.7","2.0",0.156273,0.151015,0.141578,0.115822,0.0400141,0.000107345,0.000116873,0.000181506,0.0326651,0.0781537,0.135581,0.159647
"141","0.8","0.1",0.15515,0.0212324,0.00053888,0.000119168,0.00010306,0.000104742,0.019203,0.148952,0.154728,0.158556,0.159145,0.159651
"142","0.8","0.2",0.156154,0.064301,0.00551371,0.000129933,0.000104295,0.000104742,0.00655997,0.12712,0.150525,0.157127,0.158693,0.159651
"143","0.8","0.3",0.156231,0.0939919,0.0230574,0.000289841,0.000105725,0.000104741,0.00196727,0.102486,0.144534,0.155428,0.158207,0.15965
"144","0.8","0.4",0.156255,0.111843,0.043154,0.00143209,0.000107536,0.000104741,0.000370285,0.0824753,0.136458,0.153403,0.157686,0.15965
"145","0.8","0.5",0.156266,0.123244,0.0601706,0.00626063,0.000110097,0.000104741,0.000189127,0.0668339,0.126497,0.150991,0.157126,0.15965
"146","0.8","0.6",0.156271,0.13074,0.0745082,0.0150339,0.000114724,0.000104741,0.000166134,0.0550825,0.116279,0.148133,0.156521,0.15965
"147","0.8","0.7",0.156269,0.135801,0.0864784,0.0252234,0.000127053,0.000104741,0.000153793,0.0459783,0.106592,0.144787,0.155867,0.159649
"148","0.8","0.8",0.156272,0.139353,0.095987,0.0350314,0.000168457,0.000104739,0.000145216,0.0387596,0.0975409,0.140956,0.155162,0.159649
"149","0.8","0.9",0.156274,0.141816,0.103881,0.0440933,0.000274936,0.000104738,0.000139231,0.0328812,0.0893747,0.136546,0.1544,0.159649
"150","0.8","1.0",0.156276,0.143647,0.110453,0.0524395,0.000525252,0.000104738,0.000134687,0.0280028,0.0820588,0.131746,0.153575,0.159649
"151","0.8","1.1",0.156277,0.145054,0.115938,0.0601456,0.000991065,0.000104738,0.000131122,0.0238895,0.0753179,0.126779,0.152681,0.159649
"152","0.8","1.2",0.156278,0.146164,0.120526,0.0672835,0.00214433,0.000104738,0.000128219,0.0203745,0.0692997,0.121766,0.151714,0.159649
"153","0.8","1.3",0.156277,0.147056,0.124366,0.0738871,0.00400439,0.000104738,0.000125757,0.0173377,0.0639542,0.116946,0.150664,0.159649
"154","0.8","1.4",0.156272,0.147779,0.127591,0.0803802,0.00664262,0.000104737,0.000123888,0.0147499,0.0591982,0.112169,0.149528,0.159648
"155","0.8","1.5",0.156271,0.148383,0.130322,0.0860357,0.0099541,0.000104735,0.000122201,0.0125021,0.0549422,0.107477,0.148304,0.159648
"156","0.8","1.6",0.156271,0.148901,0.132654,0.0910628,0.0136532,0.000104737,0.000120876,0.0105239,0.0510994,0.102982,0.146984,0.159648
"157","0.8","1.7",0.156272,0.149345,0.134648,0.0956799,0.0174935,0.000104735,0.000119602,0.00877689,0.0476167,0.0986939,0.145565,0.159648
"158","0.8","1.8",0.156272,0.149729,0.136355,0.099921,0.0214785,0.000104735,0.000118593,0.00723273,0.0444464,0.0946154,0.144044,0.159648
"159","0.8","1.9",0.156273,0.150064,0.137806,0.103817,0.0254065,0.000104735,0.000117712,0.00593708,0.0415486,0.0907446,0.142419,0.159648
"160","0.8","2.0",0.156273,0.150358,0.139031,0.107395,0.0292565,0.000104735,0.000116873,0.00438284,0.0388899,0.0870755,0.140682,0.159648
"161","0.9","0.1",0.15515,0.015264,0.000294777,0.000114713,0.000100892,0.000102644,0.0192029,0.150733,0.155131,0.158709,0.159197,0.159652
"162","0.9","0.2",0.156154,0.055172,0.00279818,0.000120259,0.000101816,0.000102644,0.00655956,0.133144,0.151646,0.157481,0.158804,0.159652
"163","0.9","0.3",0.156231,0.0854396,0.0155997,0.000140602,0.000102833,0.000102643,0.00196723,0.110643,0.146832,0.156047,0.158383,0.15965
"164","0.9","0.4",0.156255,0.104499,0.0342947,0.000482617,0.000104048,0.000102643,0.0003702,0.0908968,0.140409,0.154371,0.157935,0.15965
"165","0.9","0.5",0.156266,0.117194,0.050886,0.0025801,0.000105467,0.000102643,0.000189127,0.0750631,0.132213,0.152407,0.157456,0.15965
"166","0.9","0.6",0.156272,0.125843,0.0649627,0.00832427,0.000107321,0.000102643,0.000166144,0.0625898,0.123084,0.15011,0.156944,0.15965
"167","0.9","0.7",0.156273,0.131836,0.0772703,0.0168833,0.000110133,0.000102643,0.000153805,0.0528474,0.114138,0.147438,0.156395,0.15965
"168","0.9","0.8",0.156272,0.136137,0.0874511,0.0260996,0.000115935,0.000102642,0.00014522,0.0450625,0.105447,0.14437,0.155807,0.15965
"169","0.9","0.9",0.156274,0.139268,0.0958554,0.0348207,0.000133002,0.00010264,0.000139231,0.0387086,0.0973896,0.140905,0.155176,0.15965
"170","0.9","1.0",0.156276,0.141523,0.102988,0.0429278,0.000186658,0.00010264,0.000134687,0.0334173,0.0900426,0.136961,0.154498,0.15965
"171","0.9","1.1",0.156277,0.143245,0.109054,0.0504607,0.000317051,0.00010264,0.000131122,0.0289435,0.0833844,0.132678,0.15377,0.15965
"172","0.9","1.2",0.156278,0.144599,0.114219,0.0574766,0.000615681,0.00010264,0.000128219,0.0251115,0.0772257,0.128234,0.152987,0.15965
"173","0.9","1.3",0.156279,0.145686,0.118624,0.0640286,0.00116632,0.00010264,0.000125757,0.0217925,0.0715903,0.123722,0.152144,0.15965
"174","0.9","1.4",0.156279,0.146576,0.122386,0.0701332,0.00248112,0.00010264,0.0001239,0.0188895,0.0665518,0.119258,0.151238,0.15965
"175","0.9","1.5",0.156277,0.147313,0.125588,0.0759958,0.00430632,0.00010264,0.000122209,0.0163455,0.0620037,0.114968,0.150259,0.15965
"176","0.9","1.6",0.156272,0.147921,0.12834,0.0816636,0.00685597,0.00010264,0.000120876,0.0141503,0.057903,0.110686,0.149209,0.159649
"177","0.9","1.7",0.156272,0.148451,0.130722,0.0865912,0.00990861,0.000102638,0.000119602,0.0121928,0.0541835,0.106496,0.148084,0.159649
"178","0.9","1.8",0.156272,0.148909,0.132787,0.0910738,0.0132537,0.000102638,0.000118593,0.0104477,0.0507874,0.102466,0.146878,0.159649
"179","0.9","1.9",0.156273,0.149309,0.13458,0.095232,0.0166679,0.000102638,0.000117712,0.00888552,0.0476773,0.0986102,0.145589,0.159649
"180","0.9","2.0",0.156273,0.14966,0.13614,0.0990902,0.0202349,0.000102638,0.000116873,0.00748517,0.0448188,0.0949245,0.144214,0.159649
"181","1.0","0.1",0.15515,0.0107693,0.000178072,0.000111497,9.9242e-05,0.000101129,0.0192029,0.152034,0.155442,0.158829,0.159239,0.159653
"182","1.0","0.2",0.156154,0.0471545,0.00125779,0.00011541,9.99354e-05,0.000101128,0.0065588,0.137803,0.15248,0.157755,0.158891,0.159653
"183","1.0","0.3",0.156237,0.0769494,0.00996925,0.00012188,0.000100715,0.000101127,0.00198967,0.117566,0.148505,0.15652,0.158521,0.159652
"184","1.0","0.4",0.156255,0.0973776,0.0266479,0.000174739,0.000101621,0.000101127,0.000370121,0.0984947,0.143263,0.155095,0.158129,0.159651
"185","1.0","0.5",0.156266,0.1111,0.0427203,0.000822479,0.000102624,0.000101127,0.000189128,0.0827372,0.136631,0.153451,0.157713,0.159651
"186","1.0","0.6",0.156272,0.120754,0.0565627,0.00390844,0.000103823,0.000101127,0.000166144,0.0697359,0.128662,0.151551,0.15727,0.159651
"187","1.0","0.7",0.156276,0.127656,0.0685332,0.0103492,0.000105245,0.000101127,0.000153825,0.0594476,0.120323,0.149364,0.1568,0.159651
"188","1.0","0.8",0.156274,0.132649,0.0792779,0.0184822,0.000107197,0.000101127,0.000145227,0.0511406,0.11234,0.146856,0.156297,0.159651
"189","1.0","0.9",0.156274,0.136377,0.0881827,0.0267791,0.000110457,0.000101126,0.000139231,0.0443356,0.104505,0.14402,0.155761,0.159651
"190","1.0","1.0",0.156276,0.139182,0.0957214,0.0346174,0.000118151,0.000101125,0.000134687,0.03866,0.0972367,0.140847,0.155191,0.159651
"191","1.0","1.1",0.156277,0.141266,0.102233,0.0419484,0.000141931,0.000101125,0.000131122,0.0338483,0.0905527,0.137274,0.154581,0.159651
"192","1.0","1.2",0.156278,0.142892,0.107865,0.0488099,0.000211232,0.000101125,0.000128219,0.0297179,0.0844385,0.133403,0.153929,0.159651
"193","1.0","1.3",0.156279,0.144195,0.11274,0.0552459,0.000377718,0.000101125,0.000125757,0.0261338,0.078768,0.129378,0.153232,0.159651
"194","1.0","1.4",0.15628,0.145258,0.116963,0.0612967,0.000698296,0.000101125,0.0001239,0.0229944,0.0734831,0.125277,0.152486,0.159651
"195","1.0","1.5",0.156281,0.14614,0.120625,0.0669959,0.00134488,0.000101125,0.000122212,0.0202218,0.0687098,0.121161,0.151687,0.159651
"196","1.0","1.6",0.156279,0.146879,0.1238,0.0723123,0.00276735,0.000101124,0.000120886,0.0177566,0.0643764,0.117182,0.150831,0.159651
"197","1.0","1.7",0.156278,0.147503,0.126545,0.0775846,0.00459542,0.000101124,0.000119606,0.0155868,0.0604273,0.113306,0.149913,0.15965
"198","1.0","1.8",0.156272,0.148036,0.128952,0.0826124,0.00702607,0.000101123,0.000118593,0.0136721,0.0568225,0.109392,0.148935,0.15965
"199","1.0","1.9",0.156273,0.148505,0.131057,0.0870214,0.0098481,0.000101123,0.000117708,0.0119443,0.0535229,0.105604,0.14789,0.15965
"200","1.0","2.0",0.156273,0.148916,0.132909,0.0910721,0.0128938,0.000101123,0.000116873,0.0103844,0.0504809,0.101951,0.146776,0.15965
"201","1.1","0.1",0.15515,0.00740808,0.000134651,0.000109079,9.79819e-05,9.99352e-05,0.0192029,0.153021,0.155689,0.158925,0.159273,0.159653
"202","1.1","0.2",0.156154,0.0400764,0.000648035,0.000112058,9.85032e-05,9.99355e-05,0.00655879,0.141268,0.153122,0.157972,0.158961,0.159653
"203","1.1","0.3",0.156244,0.0694066,0.00588857,0.000116244,9.90935e-05,9.99355e-05,0.00193607,0.123325,0.149766,0.156889,0.158632,0.159653
"204","1.1","0.4",0.156255,0.0905601,0.0200423,0.000125268,9.97776e-05,9.99342e-05,0.000370049,0.105333,0.145403,0.155655,0.158284,0.159652
"205","1.1","0.5",0.156266,0.105071,0.0354925,0.000267715,0.000100545,9.99342e-05,0.000189128,0.0896471,0.139916,0.154248,0.157917,0.159652
"206","1.1","0.6",0.156272,0.11557,0.0490525,0.00138533,0.000101437,9.99342e-05,0.000166144,0.0765622,0.133166,0.152641,0.157529,0.159652
"207","1.1","0.7",0.156276,0.123266,0.0608804,0.00550499,0.000102425,9.99342e-05,0.000153825,0.0657566,0.125677,0.150807,0.157117,0.159652
"208","1.1","0.8",0.156279,0.128979,0.0713235,0.0122056,0.000103614,9.99342e-05,0.000145245,0.0570217,0.118036,0.14872,0.156682,0.159652
"209","1.1","0.9",0.156275,0.133253,0.0808521,0.019784,0.000105062,9.99342e-05,0.000139235,0.0497806,0.110835,0.146357,0.156218,0.159651
"210","1.1","1.0",0.156276,0.136549,0.0887433,0.0273097,0.000107215,9.99342e-05,0.000134687,0.0437396,0.103709,0.143716,0.155727,0.159651
"211","1.1","1.1",0.156277,0.139095,0.0955854,0.0344177,0.000111169,9.99332e-05,0.000131122,0.0386101,0.0970818,0.140784,0.155206,0.159651
"212","1.1","1.2",0.156278,0.141037,0.101581,0.0411058,0.000121604,9.99332e-05,0.000128219,0.0341976,0.0909455,0.13751,0.154651,0.159651
"213","1.1","1.3",0.156279,0.142577,0.106838,0.0474037,0.000154006,9.99332e-05,0.000125757,0.0303619,0.085289,0.133974,0.154061,0.159651
"214","1.1","1.4",0.15628,0.143833,0.111451,0.0533458,0.000244114,9.99332e-05,0.0001239,0.0269972,0.0800251,0.130293,0.153433,0.159651
"215","1.1","1.5",0.156281,0.144871,0.115499,0.0589634,0.000440385,9.99332e-05,0.000122212,0.0240217,0.0750682,0.126532,0.152764,0.159651
"216","1.1","1.6",0.156281,0.145742,0.119054,0.0642847,0.000805119,9.99322e-05,0.000120886,0.0213714,0.0705328,0.122741,0.152051,0.159651
"217","1.1","1.7",0.156282,0.146481,0.122178,0.0692952,0.0015634,9.99322e-05,0.000119612,0.0189956,0.0663963,0.118999,0.151291,0.159651
"218","1.1","1.8",0.156279,0.147113,0.124912,0.0740725,0.00302361,9.99323e-05,0.0001186,0.0168679,0.0625996,0.115411,0.150478,0.159651
"219","1.1","1.9",0.156275,0.147656,0.127323,0.0788859,0.00485442,9.99323e-05,0.000117712,0.0149814,0.0591041,0.111825,0.149613,0.15965
"220","1.1","2.0",0.156273,0.148128,0.12945,0.0833615,0.00716163,9.99311e-05,0.000116873,0.0132829,0.0558997,0.10824,0.148693,0.15965
"221","1.2","0.1",0.15515,0.00498078,0.000120742,0.000107099,9.69513e-05,9.90106e-05,0.0192029,0.153793,0.155889,0.159005,0.159301,0.159654
"222","1.2","0.2",0.156154,0.0338003,0.000353058,0.000109479,9.73748e-05,9.90106e-05,0.00655837,0.143898,0.153632,0.158149,0.159019,0.159654
"223","1.2","0.3",0.156244,0.0625409,0.00325616,0.000112656,9.78536e-05,9.90098e-05,0.00193475,0.128363,0.150743,0.157187,0.158723,0.159654
"224","1.2","0.4",0.156255,0.0840764,0.0144483,0.000117316,9.8373e-05,9.90085e-05,0.000369988,0.111462,0.147049,0.156101,0.158411,0.159652
"225","1.2","0.5",0.156266,0.0991831,0.0290611,0.000135306,9.895e-05,9.90085e-05,0.000189128,0.0960148,0.142421,0.154875,0.158083,0.159652
"226","1.2","0.6",0.156272,0.110372,0.0423039,0.000463207,9.96246e-05,9.90085e-05,0.000166144,0.0829742,0.136789,0.153489,0.157738,0.159652
"227","1.2","0.7",0.156276,0.118763,0.0539443,0.00249061,0.000100391,9.90085e-05,0.000153825,0.0718235,0.130146,0.151922,0.157374,0.159652
"228","1.2","0.8",0.156279,0.125118,0.0642621,0.00721261,0.000101259,9.90085e-05,0.000145252,0.0626646,0.123145,0.15015,0.156991,0.159652
"229","1.2","0.9",0.156281,0.129979,0.0734664,0.0138325,0.000102246,9.90085e-05,0.000139239,0.0550844,0.116184,0.148156,0.156585,0.159652
"230","1.2","1.0",0.156276,0.133717,0.0820737,0.0208515,0.000103427,9.90085e-05,0.000134691,0.0486707,0.109533,0.14592,0.156155,0.159652
"231","1.2","1.1",0.156277,0.136672,0.0891788,0.0277193,0.000104945,9.90079e-05,0.000131122,0.0432373,0.103021,0.143445,0.155701,0.159652
"232","1.2","1.2",0.156278,0.139008,0.0954478,0.0342195,0.000107431,9.90079e-05,0.000128219,0.0385573,0.0969246,0.140714,0.155221,0.159652
"233","1.2","1.3",0.156279,0.140827,0.101007,0.0403664,0.000112433,9.90079e-05,0.000125757,0.0344823,0.0912484,0.137687,0.154713,0.159652
"234","1.2","1.4",0.15628,0.142294,0.105938,0.0461845,0.000126814,9.90079e-05,0.000123899,0.0309022,0.0859826,0.134428,0.154174,0.159652
"235","1.2","1.5",0.156281,0.143505,0.110314,0.0517009,0.000174236,9.90079e-05,0.000122212,0.0277325,0.0810655,0.131034,0.153603,0.159652
"236","1.2","1.6",0.156281,0.144518,0.114196,0.0569408,0.00028517,9.90067e-05,0.000120887,0.0249062,0.076406,0.127558,0.152996,0.159652
"237","1.2","1.7",0.156282,0.145377,0.117642,0.0619266,0.000530536,9.90067e-05,0.000119612,0.0223706,0.072088,0.124045,0.152352,0.159652
"238","1.2","1.8",0.156282,0.146113,0.120701,0.0666584,0.000945837,9.90067e-05,0.000118603,0.0200823,0.0681295,0.120553,0.151668,0.159652
"239","1.2","1.9",0.15628,0.146747,0.123413,0.071103,0.00176856,9.90069e-05,0.000117722,0.0180093,0.0644787,0.117136,0.150942,0.159651
"240","1.2","2.0",0.15628,0.147296,0.125811,0.075491,0.00328274,9.90069e-05,0.000116877,0.0161473,0.0611083,0.11385,0.150167,0.159651
"241","1.3","0.1",0.15515,0.00328953,0.000114843,0.000105425,9.60957e-05,9.82531e-05,0.0192029,0.154411,0.156055,0.159071,0.159324,0.159654
"242","1.3","0.2",0.156154,0.0282303,0.000203991,0.000107463,9.64541e-05,9.82533e-05,0.00655838,0.145961,0.154045,0.158295,0.159068,0.159654
"243","1.3","0.3",0.156244,0.0562812,0.00155555,0.000109947,9.68377e-05,9.82519e-05,0.00193436,0.132599,0.15152,0.15743,0.1588,0.159654
"244","1.3","0.4",0.156261,0.0775228,0.00989613,0.000113334,9.72583e-05,9.82506e-05,0.000370058,0.116885,0.148344,0.156464,0.158517,0.159653
"245","1.3","0.5",0.156266,0.0934883,0.0233181,0.000119014,9.77224e-05,9.82506e-05,0.000189128,0.101885,0.144392,0.15538,0.158222,0.159652
"246","1.3","0.6",0.156272,0.105225,0.0362112,0.000167997,9.82378e-05,9.82506e-05,0.000166144,0.0888512,0.139605,0.154167,0.157912,0.159652
"247","1.3","0.7",0.156276,0.114208,0.047641,0.000824257,9.88166e-05,9.82506e-05,0.000153825,0.0776678,0.133863,0.152805,0.157586,0.159652
"248","1.3","0.8",0.156279,0.121138,0.057823,0.0036774,9.94737e-05,9.82506e-05,0.000145252,0.06812,0.127514,0.151277,0.157244,0.159652
"249","1.3","0.9",0.156282,0.126527,0.0669733,0.0088883,0.00010023,9.82506e-05,0.000139255,0.060187,0.120971,0.149565,0.156884,0.159652
"250","1.3","1.0",0.156282,0.130735,0.0753369,0.0152286,0.000101086,9.82506e-05,0.000134694,0.0534705,0.114646,0.147654,0.156504,0.159652
"251","1.3","1.1",0.156277,0.134074,0.0830259,0.0217322,0.000102066,9.82506e-05,0.000131122,0.0477379,0.108418,0.145531,0.156104,0.159652
"252","1.3","1.2",0.156278,0.136758,0.0895199,0.0280365,0.000103264,9.82504e-05,0.000128219,0.0428048,0.102413,0.143199,0.155682,0.159652
"253","1.3","1.3",0.156279,0.138919,0.0953088,0.034022,0.000104907,9.82504e-05,0.000125757,0.0385012,0.0967653,0.140638,0.155238,0.159652
"254","1.3","1.4",0.15628,0.140634,0.100493,0.0397071,0.000107967,9.82504e-05,0.0001239,0.0347151,0.0914812,0.137817,0.154768,0.159652
"255","1.3","1.5",0.156281,0.142035,0.105138,0.0451115,0.00011464,9.82504e-05,0.000122212,0.0313588,0.0865525,0.13479,0.154272,0.159652
"256","1.3","1.6",0.156281,0.143204,0.109299,0.0502575,0.000134186,9.82504e-05,0.000120886,0.0283632,0.0819342,0.131639,0.153748,0.159652
"257","1.3","1.7",0.156282,0.144194,0.113026,0.0551651,0.000196635,9.82498e-05,0.000119612,0.0256733,0.0775426,0.128406,0.153194,0.159652
"258","1.3","1.8",0.156282,0.14504,0.116364,0.0598528,0.000327371,9.82498e-05,0.000118603,0.0232443,0.0734263,0.12513,0.152607,0.159652
"259","1.3","1.9",0.156283,0.14577,0.119353,0.0643372,0.000611813,9.82498e-05,0.000117722,0.0210402,0.0696301,0.121843,0.151986,0.159652
"260","1.3","2.0",0.156283,0.146406,0.122032,0.0685885,0.00109029,9.82498e-05,0.000116882,0.0190307,0.0661188,0.118608,0.151328,0.159652
"261","1.4","0.1",0.15515,0.0020118,0.000111268,0.000104035,9.5336e-05,9.75784e-05,0.0192029,0.154917,0.156194,0.159127,0.159345,0.159654
"262","1.4","0.2",0.156154,0.0232799,0.000141904,0.000105735,9.56532e-05,9.75786e-05,0.00655836,0.147606,0.154387,0.158418,0.15911,0.159654
"263","1.4","0.3",0.156244,0.0505551,0.000801095,0.000107857,9.59937e-05,9.75775e-05,0.00193399,0.136148,0.152153,0.157634,0.158864,0.159654
"264","1.4","0.4",0.156267,0.0714701,0.0063259,0.000110513,9.63411e-05,9.75763e-05,0.000373371,0.121525,0.149384,0.156764,0.158608,0.159654
"265","1.4","0.5",0.156266,0.0880166,0.0181875,0.000114182,9.6718e-05,9.75763e-05,0.000189128,0.107281,0.145968,0.155795,0.158338,0.159653
"266","1.4","0.6",0.156272,0.100178,0.0306874,0.000122574,9.71361e-05,9.75763e-05,0.000166144,0.0943428,0.141836,0.154719,0.158057,0.159653
"267","1.4","0.7",0.156276,0.109652,0.0418916,0.000263167,9.75937e-05,9.75763e-05,0.000153825,0.0831845,0.136934,0.153519,0.157763,0.159653
"268","1.4","0.8",0.156279,0.117087,0.0519185,0.00139534,9.81023e-05,9.75763e-05,0.000145252,0.0734015,0.131237,0.152182,0.157455,0.159653
"269","1.4","0.9",0.156282,0.122959,0.0609652,0.00505038,9.86747e-05,9.75763e-05,0.000139255,0.0651402,0.125208,0.150693,0.157132,0.159653
"270","1.4","1.0",0.156283,0.127626,0.0691816,0.0104453,9.93227e-05,9.75763e-05,0.000134704,0.0581526,0.11909,0.149038,0.156794,0.159653
"271","1.4","1.1",0.156281,0.131334,0.0768499,0.0163998,0.00010007,9.75763e-05,0.000131129,0.0521361,0.113297,0.147201,0.156436,0.159652
"272","1.4","1.2",0.156278,0.134354,0.0838138,0.0224621,0.000100918,9.75763e-05,0.000128219,0.0469458,0.107444,0.14518,0.156062,0.159652
"273","1.4","1.3",0.156279,0.136816,0.0897874,0.0282801,0.000101899,9.75763e-05,0.000125757,0.0424253,0.101868,0.14297,0.155668,0.159652
"274","1.4","1.4",0.15628,0.138829,0.0951682,0.0338245,0.000103136,9.75763e-05,0.0001239,0.0384415,0.0966035,0.140555,0.155254,0.159652
"275","1.4","1.5",0.156281,0.140453,0.100029,0.0391107,0.000104988,9.75763e-05,0.000122212,0.0349057,0.0916577,0.137909,0.154819,0.159652
"276","1.4","1.6",0.156281,0.141796,0.10442,0.0441549,0.000108975,9.75763e-05,0.000120886,0.0317469,0.087023,0.135079,0.15436,0.159652
"277","1.4","1.7",0.156282,0.142927,0.108386,0.0489754,0.000117818,9.75763e-05,0.000119612,0.0289078,0.0826638,0.132135,0.153876,0.159652
"278","1.4","1.8",0.156282,0.143893,0.111967,0.0535887,0.000148587,9.75753e-05,0.000118603,0.0263423,0.0785098,0.129111,0.153365,0.159652
"279","1.4","1.9",0.156283,0.144726,0.1152,0.0580102,0.000221661,9.75753e-05,0.000117722,0.0240127,0.0745845,0.12604,0.152827,0.159652
"280","1.4","2.0",0.156283,0.14545,0.118117,0.0622536,0.0003975,9.75755e-05,0.000116882,0.0218878,0.0709385,0.122952,0.152258,0.159652
"281","1.5","0.1",0.15515,0.00122263,0.000108622,0.000102838,9.46597e-05,9.69604e-05,0.0192029,0.155338,0.156314,0.159176,0.159362,0.159655
"282","1.5","0.2",0.156154,0.018891,0.000121698,0.000104296,9.49474e-05,9.69595e-05,0.00655832,0.148938,0.154674,0.158523,0.159145,0.159655
"283","1.5","0.3",0.156244,0.0453024,0.000436086,0.000106093,9.52453e-05,9.69599e-05,0.00193404,0.139085,0.152676,0.157806,0.15892,0.159655
"284","1.5","0.4",0.156268,0.0660583,0.00376522,0.000108288,9.55552e-05,9.69599e-05,0.00037219,0.125761,0.150232,0.157016,0.158684,0.159655
"285","1.5","0.5",0.156268,0.0827639,0.0137325,0.00011112,9.58853e-05,9.69587e-05,0.000189128,0.112228,0.147247,0.156141,0.158438,0.159653
"286","1.5","0.6",0.156272,0.0952657,0.0256613,0.000115285,9.623e-05,9.69587e-05,0.000166144,0.0994864,0.143649,0.155176,0.158182,0.159653
"287","1.5","0.7",0.156276,0.105138,0.036629,0.000132732,9.66006e-05,9.69587e-05,0.000153825,0.0883121,0.139402,0.154108,0.157914,0.159653
"288","1.5","0.8",0.156279,0.113006,0.0464884,0.000481599,9.70123e-05,9.69587e-05,0.000145252,0.0785191,0.134402,0.152924,0.157635,0.159653
"289","1.5","0.9",0.156282,0.119311,0.055415,0.00246369,9.74638e-05,9.69587e-05,0.000139255,0.0699542,0.128889,0.151612,0.157342,0.159653
"290","1.5","1.0",0.156283,0.124389,0.0635557,0.00648833,9.79667e-05,9.69587e-05,0.000134711,0.0626861,0.123174,0.15016,0.157037,0.159653
"291","1.5","1.1",0.156284,0.1285,0.0709767,0.0118378,9.85324e-05,9.69587e-05,0.000131129,0.056448,0.117463,0.148557,0.156717,0.159653
"292","1.5","1.2",0.156281,0.131822,0.0781667,0.0174286,9.91747e-05,9.69587e-05,0.000128227,0.0510034,0.112039,0.146789,0.15638,0.159653
"293","1.5","1.3",0.156279,0.134574,0.0844666,0.0230593,9.99235e-05,9.69587e-05,0.000125757,0.0462595,0.106573,0.144857,0.156028,0.159652
"294","1.5","1.4",0.15628,0.13685,0.0899966,0.0284645,0.000100757,9.69587e-05,0.000123899,0.0420871,0.101372,0.142754,0.155659,0.159653
"295","1.5","1.5",0.156281,0.138737,0.0950258,0.0336265,0.000101743,9.69587e-05,0.000122212,0.0383783,0.0964395,0.140466,0.155272,0.159652
"296","1.5","1.6",0.156281,0.140282,0.0996025,0.0385648,0.000103062,9.69587e-05,0.000120886,0.0350616,0.0917884,0.137969,0.154865,0.159652
"297","1.5","1.7",0.156282,0.141573,0.103767,0.0432925,0.000105385,9.69587e-05,0.000119612,0.0320781,0.0874125,0.13531,0.154438,0.159652
"298","1.5","1.8",0.156282,0.14267,0.107556,0.0478247,0.000110279,9.69587e-05,0.000118603,0.0293802,0.0832827,0.132543,0.153988,0.159652
"299","1.5","1.9",0.156283,0.143614,0.111001,0.0521756,0.000124088,9.69577e-05,0.000117722,0.0269288,0.0793385,0.1297,0.153516,0.159652
"300","1.5","2.0",0.156283,0.144434,0.114132,0.0563579,0.000163624,9.69577e-05,0.000116882,0.0246915,0.0755914,0.126809,0.153018,0.159652
"301","1.6","0.1",0.15515,0.000769749,0.000106477,0.000101806,9.40442e-05,9.6389e-05,0.0192029,0.155694,0.156416,0.159217,0.159377,0.159655
"302","1.6","0.2",0.156154,0.0150601,0.000114388,0.000103081,9.43085e-05,9.63889e-05,0.00655831,0.150033,0.154918,0.158614,0.159176,0.159655
"303","1.6","0.3",0.156244,0.0404686,0.000244218,0.000104595,9.45799e-05,9.63891e-05,0.0019341,0.141448,0.153115,0.157953,0.158968,0.159655
"304","1.6","0.4",0.156268,0.0609581,0.00203605,0.000106494,9.4861e-05,9.63878e-05,0.00037219,0.129515,0.150936,0.15723,0.158751,0.159655
"305","1.6","0.5",0.156272,0.0773311,0.00991358,0.000108766,9.5149e-05,9.63873e-05,0.000189149,0.1167,0.148302,0.156436,0.158524,0.159654
"306","1.6","0.6",0.156272,0.0905101,0.0210763,0.000111818,9.54524e-05,9.63873e-05,0.000166144,0.104294,0.145142,0.155561,0.158288,0.159653
"307","1.6","0.7",0.156276,0.1007,0.0317959,0.000117092,9.57785e-05,9.63873e-05,0.000153825,0.0931503,0.141413,0.1546,0.158044,0.159653
"308","1.6","0.8",0.156279,0.108933,0.0414807,0.000169359,9.61167e-05,9.63873e-05,0.000145252,0.0833716,0.137067,0.15354,0.157788,0.159653
"309","1.6","0.9",0.156282,0.115619,0.0502761,0.000849445,9.64814e-05,9.63873e-05,0.000139255,0.0746398,0.132078,0.152373,0.157522,0.159653
"310","1.6","1.0",0.156283,0.12107,0.0583204,0.00353342,9.68873e-05,9.63873e-05,0.000134711,0.0671065,0.126784,0.151086,0.157244,0.159653
"311","1.6","1.1",0.156285,0.125534,0.0657131,0.00789133,9.73322e-05,9.63873e-05,0.000131139,0.0606258,0.121371,0.14967,0.156954,0.159653
"312","1.6","1.2",0.156285,0.129198,0.0724962,0.0130588,9.78295e-05,9.63873e-05,0.000128227,0.0549988,0.116075,0.148115,0.156651,0.159653
"313","1.6","1.3",0.156282,0.132217,0.0792097,0.0183159,9.83896e-05,9.63873e-05,0.000125761,0.0500189,0.110921,0.146411,0.156332,0.159653
"314","1.6","1.4",0.15628,0.134741,0.0849667,0.023563,9.90258e-05,9.63873e-05,0.000123899,0.0456574,0.105814,0.144557,0.156,0.159653
"315","1.6","1.5",0.156281,0.136865,0.0901584,0.0286004,9.977e-05,9.63873e-05,0.000122212,0.0417817,0.100916,0.142547,0.155653,0.159653
"316","1.6","1.6",0.156281,0.138645,0.0948817,0.0334279,0.000100602,9.63873e-05,0.000120886,0.038312,0.0962733,0.140369,0.155289,0.159653
"317","1.6","1.7",0.156282,0.14012,0.0992076,0.03806,0.000101607,9.63873e-05,0.000119612,0.0351884,0.0918814,0.138003,0.154908,0.159653
"318","1.6","1.8",0.156282,0.141364,0.103169,0.0425072,0.000103071,9.63873e-05,0.000118603,0.0323618,0.0877349,0.135491,0.154509,0.159653
"319","1.6","1.9",0.156283,0.14243,0.106795,0.0467825,0.000106051,9.63874e-05,0.000117722,0.0297919,0.0838087,0.132878,0.154089,0.159653
"320","1.6","2.0",0.156283,0.143352,0.110113,0.0508978,0.000112677,9.6386e-05,0.000116883,0.0274453,0.080052,0.130194,0.153649,0.159653
"321","1.7","0.1",0.15515,0.000474305,0.000104716,0.000100873,9.34657e-05,9.58742e-05,0.0192029,0.155998,0.156506,0.159254,0.15939,0.159655
"322","1.7","0.2",0.156154,0.0118048,0.00011054,0.000102015,9.37231e-05,9.58742e-05,0.00655835,0.150946,0.155128,0.158692,0.159204,0.159655
"323","1.7","0.3",0.156244,0.0360091,0.000155509,0.000103342,9.39735e-05,9.58735e-05,0.00193405,0.143401,0.153489,0.158081,0.15901,0.159655
"324","1.7","0.4",0.156268,0.0562101,0.00100801,0.000104936,9.42314e-05,9.58735e-05,0.00037219,0.132799,0.151529,0.157414,0.158809,0.159655
"325","1.7","0.5",0.156278,0.0723562,0.00674214,0.000106904,9.44942e-05,9.58729e-05,0.000189405,0.120597,0.149184,0.156686,0.1586,0.159655
"326","1.7","0.6",0.156272,0.0859249,0.0168909,0.00010933,9.47683e-05,9.58729e-05,0.000166144,0.108778,0.146384,0.155889,0.158382,0.159653
"327","1.7","0.7",0.156276,0.0963623,0.027344,0.000112683,9.5053e-05,9.58729e-05,0.000153825,0.0977334,0.143087,0.155016,0.158156,0.159653
"328","1.7","0.8",0.156279,0.104896,0.03685,0.000121334,9.53496e-05,9.58729e-05,0.000145252,0.08793,0.139266,0.15406,0.157921,0.159653
"329","1.7","0.9",0.156282,0.11191,0.045507,0.00026554,9.56694e-05,9.58729e-05,0.000139255,0.0791959,0.134836,0.153011,0.157677,0.159653
"330","1.7","1.0",0.156283,0.117697,0.0534451,0.00145484,9.60017e-05,9.58729e-05,0.000134711,0.0714217,0.129961,0.15186,0.157423,0.159653
"331","1.7","1.1",0.156285,0.122487,0.0607678,0.0047257,9.63604e-05,9.58729e-05,0.000131143,0.0647102,0.124889,0.150598,0.157158,0.159653
"332","1.7","1.2",0.156286,0.126465,0.0675497,0.00920004,9.676e-05,9.58729e-05,0.000128233,0.0588682,0.119754,0.149216,0.156882,0.159653
"333","1.7","1.3",0.156286,0.129763,0.0738446,0.0141339,9.72e-05,9.58729e-05,0.000125761,0.053741,0.114812,0.147704,0.156594,0.159653
"334","1.7","1.4",0.156281,0.132537,0.0800721,0.0190715,9.76916e-05,9.58729e-05,0.000123899,0.049168,0.109921,0.146058,0.156292,0.159653
"335","1.7","1.5",0.156281,0.134875,0.085428,0.0239788,9.82568e-05,9.58729e-05,0.000122212,0.0451211,0.105102,0.144274,0.155978,0.159653
"336","1.7","1.6",0.156281,0.136866,0.0902811,0.0286933,9.88786e-05,9.58729e-05,0.000120886,0.0415026,0.100492,0.142347,0.15565,0.159653
"337","1.7","1.7",0.156282,0.138552,0.0947355,0.0332286,9.96281e-05,9.58729e-05,0.000119612,0.0382428,0.0961048,0.140266,0.155308,0.159653
"338","1.7","1.8",0.156282,0.139964,0.0988382,0.0375889,0.000100454,9.58731e-05,0.000118603,0.0352909,0.0919427,0.138013,0.154949,0.159653
"339","1.7","1.9",0.156283,0.141166,0.102616,0.0417859,0.000101529,9.58729e-05,0.000117722,0.0326054,0.0880009,0.13563,0.154574,0.159653
"340","1.7","2.0",0.156283,0.142203,0.106094,0.0458307,0.000103205,9.58719e-05,0.000116882,0.0301519,0.0842574,0.133153,0.154181,0.159653
"341","1.8","0.1",0.15515,0.000282706,0.000103211,0.000100047,9.29418e-05,9.54312e-05,0.0192029,0.156261,0.156584,0.159286,0.159402,0.159655
"342","1.8","0.2",0.156154,0.00901791,0.000107908,0.000101069,9.31674e-05,9.54312e-05,0.00655831,0.151717,0.155311,0.158761,0.159228,0.159655
"343","1.8","0.3",0.156244,0.0318853,0.000124769,0.000102244,9.34031e-05,9.54302e-05,0.00193406,0.145039,0.153811,0.158192,0.159047,0.159655
"344","1.8","0.4",0.156268,0.051781,0.000539984,0.000103623,9.36547e-05,9.54315e-05,0.000372161,0.135664,0.152034,0.157575,0.15886,0.159655
"345","1.8","0.5",0.156279,0.0678162,0.00428357,0.000105309,9.38977e-05,9.54302e-05,0.000189174,0.124262,0.149927,0.156903,0.158666,0.159655
"346","1.8","0.6",0.156272,0.0814644,0.0132191,0.000107344,9.41487e-05,9.54301e-05,0.000166144,0.112952,0.147429,0.156171,0.158463,0.159654
"347","1.8","0.7",0.156276,0.0921419,0.023231,0.000109962,9.44079e-05,9.54301e-05,0.000153825,0.102069,0.144496,0.155374,0.158255,0.159654
"348","1.8","0.8",0.156279,0.100919,0.0325565,0.000113843,9.46757e-05,9.54301e-05,0.000145252,0.0922644,0.141098,0.154504,0.158038,0.159654
"349","1.8","0.9",0.156282,0.108212,0.0410715,0.000133045,9.4954e-05,9.54301e-05,0.000139255,0.0835389,0.13719,0.153553,0.157813,0.159654
"350","1.8","1.0",0.156283,0.114294,0.0488966,0.000489387,9.52445e-05,9.54301e-05,0.000134711,0.0756402,0.13275,0.152515,0.157579,0.159654
"351","1.8","1.1",0.156285,0.11938,0.056131,0.00246476,9.55583e-05,9.54301e-05,0.000131143,0.0687078,0.128029,0.15138,0.157336,0.159654
"352","1.8","1.2",0.156286,0.123645,0.0628525,0.00594929,9.58847e-05,9.54301e-05,0.000128239,0.0626628,0.123175,0.150141,0.157083,0.159654
"353","1.8","1.3",0.156287,0.127232,0.0691067,0.0103912,9.62373e-05,9.54301e-05,0.000125761,0.0573478,0.118306,0.14879,0.15682,0.159654
"354","1.8","1.4",0.156285,0.130239,0.0749626,0.0150679,9.6632e-05,9.54301e-05,0.000123903,0.0526388,0.113695,0.147319,0.156545,0.159653
"355","1.8","1.5",0.156281,0.132796,0.0808105,0.0197219,9.70657e-05,9.54301e-05,0.000122212,0.0484028,0.109025,0.145725,0.156259,0.159653
"356","1.8","1.6",0.156281,0.134979,0.0858004,0.0243242,9.7554e-05,9.54301e-05,0.000120886,0.0446373,0.104455,0.144005,0.155961,0.159653
"357","1.8","1.7",0.156282,0.136855,0.0903706,0.0287583,9.81145e-05,9.54301e-05,0.000119612,0.041245,0.100095,0.142151,0.15565,0.159653
"358","1.8","1.8",0.156282,0.138457,0.0945872,0.0330284,9.87408e-05,9.54301e-05,0.000118603,0.0381709,0.0959341,0.140156,0.155326,0.159653
"359","1.8","1.9",0.156283,0.139815,0.0984898,0.037146,9.94787e-05,9.54301e-05,0.000117722,0.0353725,0.091977,0.138003,0.154988,0.159653
"360","1.8","2.0",0.156283,0.140978,0.102101,0.0411183,0.000100313,9.54302e-05,0.000116882,0.0328147,0.0882189,0.135733,0.154634,0.159653
"361","1.9","0.1",0.15515,0.000189453,0.000101987,9.93175e-05,9.24932e-05,9.5032e-05,0.0192029,0.15649,0.156653,0.159315,0.159413,0.159655
"362","1.9","0.2",0.156154,0.00669844,0.000105832,0.000100227,9.26834e-05,9.5032e-05,0.00655834,0.152374,0.155471,0.158822,0.159249,0.159655
"363","1.9","0.3",0.156244,0.0280642,0.000114637,0.000101293,9.28855e-05,9.5032e-05,0.00193403,0.146426,0.15409,0.15829,0.15908,0.159655
"364","1.9","0.4",0.156268,0.047642,0.00030274,0.000102504,9.3106e-05,9.50311e-05,0.000372159,0.138145,0.152469,0.157715,0.158905,0.159655
"365","1.9","0.5",0.156279,0.0635168,0.0025579,0.000103945,9.3337e-05,9.50311e-05,0.000189165,0.127605,0.150563,0.157093,0.158724,0.159655
"366","1.9","0.6",0.156279,0.0767596,0.00993857,0.000105717,9.35807e-05,9.50311e-05,0.000166146,0.116785,0.148318,0.156417,0.158537,0.159655
"367","1.9","0.7",0.156276,0.0880503,0.0194244,0.000107842,9.38192e-05,9.50311e-05,0.000153825,0.106162,0.145692,0.155683,0.158342,0.159654
"368","1.9","0.8",0.156279,0.097021,0.028566,0.00011067,9.40652e-05,9.50311e-05,0.000145252,0.0964032,0.142652,0.154886,0.158141,0.159654
"369","1.9","0.9",0.156282,0.104546,0.0369372,0.000115825,9.43183e-05,9.50311e-05,0.000139255,0.0876508,0.139174,0.154019,0.157932,0.159654
"370","1.9","1.0",0.156283,0.110884,0.044645,0.000175662,9.45802e-05,9.50311e-05,0.000134711,0.0797524,0.135195,0.153075,0.157716,0.159654
"371","1.9","1.1",0.156285,0.116235,0.051785,0.000868728,9.48526e-05,9.50311e-05,0.000131143,0.0726246,0.130823,0.152047,0.157492,0.159654
"372","1.9","1.2",0.156286,0.120763,0.0584322,0.00342746,9.51372e-05,9.50311e-05,0.000128239,0.0663847,0.126263,0.150928,0.157259,0.159654
"373","1.9","1.3",0.156287,0.124603,0.0646362,0.00713652,9.54452e-05,9.50311e-05,0.00012577,0.0608902,0.121621,0.149712,0.157017,0.159654
"374","1.9","1.4",0.156287,0.127865,0.0704006,0.0114606,9.57661e-05,9.50311e-05,0.000123903,0.0560184,0.117047,0.148391,0.156765,0.159654
"375","1.9","1.5",0.156285,0.130635,0.0759779,0.0158661,9.61127e-05,9.50311e-05,0.000122216,0.0516669,0.112617,0.146957,0.156503,0.159654
"376","1.9","1.6",0.156282,0.133011,0.0814368,0.0202754,9.65012e-05,9.50311e-05,0.000120886,0.0477227,0.108198,0.145411,0.156231,0.159653
"377","1.9","1.7",0.156282,0.135058,0.0861121,0.0246066,9.69311e-05,9.50311e-05,0.000119612,0.0441986,0.103858,0.143747,0.155947,0.159653
"378","1.9","1.8",0.156282,0.136833,0.0904323,0.0287919,9.74153e-05,9.50311e-05,0.000118603,0.0410052,0.0997203,0.141959,0.155652,0.159653
"379","1.9","1.9",0.156283,0.138362,0.0944363,0.0328273,9.79711e-05,9.50311e-05,0.000117722,0.0380966,0.0957615,0.14004,0.155345,0.159653
"380","1.9","2.0",0.156283,0.13967,0.0981584,0.0367266,9.85934e-05,9.50311e-05,0.000116883,0.0354365,0.0919885,0.137976,0.155025,0.159653
"381","2.0","0.1",0.15515,0.000155277,0.000100952,9.86514e-05,9.20935e-05,9.46721e-05,0.0192028,0.156692,0.156715,0.15934,0.159422,0.159656
"382","2.0","0.2",0.156154,0.0048267,0.000104141,9.94814e-05,9.22596e-05,9.46721e-05,0.00655825,0.152941,0.155613,0.158876,0.159268,0.159656
"383","2.0","0.3",0.156244,0.0245183,0.000110078,0.000100427,9.24417e-05,9.46721e-05,0.00193407,0.14761,0.154335,0.158377,0.15911,0.159656
"384","2.0","0.4",0.156268,0.0437668,0.000175622,0.000101521,9.26281e-05,9.46722e-05,0.000372157,0.140246,0.152848,0.157839,0.158946,0.159656
"385","2.0","0.5",0.156279,0.0594629,0.00125859,0.00010278,9.28246e-05,9.4671e-05,0.000189169,0.130612,0.151111,0.157259,0.158776,0.159656
"386","2.0","0.6",0.156284,0.0725133,0.00711132,0.000104289,9.30399e-05,9.4671e-05,0.000166157,0.120175,0.149082,0.156632,0.158601,0.159655
"387","2.0","0.7",0.156278,0.0840813,0.0159243,0.000106143,9.32653e-05,9.4671e-05,0.000153825,0.110024,0.146715,0.155953,0.158419,0.159654
"388","2.0","0.8",0.156279,0.0932148,0.0248482,0.00010842,9.35056e-05,9.4671e-05,0.000145252,0.100353,0.143981,0.155218,0.158232,0.159654
"389","2.0","0.9",0.156282,0.100931,0.0330757,0.00011154,9.37385e-05,9.4671e-05,0.000139255,0.0915854,0.140858,0.154422,0.158038,0.159654
"390","2.0","1.0",0.156283,0.107486,0.0406642,0.000121116,9.39785e-05,9.4671e-05,0.000134711,0.0836903,0.137303,0.153559,0.157837,0.159654
"391","2.0","1.1",0.156285,0.113071,0.0477055,0.000283842,9.4226e-05,9.4671e-05,0.000131143,0.0764672,0.133302,0.152621,0.157629,0.159654
"392","2.0","1.2",0.156285,0.113071,0.0477055,0.000283842,9.4226e-05,9.4671e-05,0.000131143,0.0764672,0.133302,0.152621,0.157629,0.159654
"393","2.0","1.3",0.156287,0.121914,0.0604216,0.00446458,9.47486e-05,9.4671e-05,0.000125771,0.0643708,0.124642,0.150501,0.15719,0.159654
"394","2.0","1.4",0.156288,0.125405,0.0661951,0.00825311,9.50276e-05,9.4671e-05,0.000123906,0.059338,0.120197,0.149306,0.156959,0.159654
"395","2.0","1.5",0.156287,0.128395,0.0715643,0.0124169,9.53301e-05,9.4671e-05,0.000122216,0.0548448,0.115883,0.148013,0.156718,0.159654
"396","2.0","1.6",0.156285,0.130965,0.0769059,0.0165597,9.56449e-05,9.4671e-05,0.000120886,0.0507793,0.111646,0.146614,0.156467,0.159654
"397","2.0","1.7",0.156282,0.133181,0.0819684,0.0207498,9.5987e-05,9.4671e-05,0.000119612,0.0471047,0.107411,0.145111,0.156207,0.159653
"398","2.0","1.8",0.156282,0.135115,0.0863708,0.0248424,9.63783e-05,9.4671e-05,0.000118603,0.0437977,0.103305,0.143498,0.155937,0.159653
"399","2.0","1.9",0.156283,0.136802,0.0904697,0.0287985,9.67948e-05,9.4671e-05,0.000117722,0.0407805,0.0993625,0.141769,0.155657,0.159653
"400","2.0","2.0",0.156283,0.138267,0.0942829,0.0326251,9.72751e-05,9.4671e-05,0.000116883,0.0380202,0.0955868,0.139917,0.155365,0.159653
